{"errors":[],"warnings":[],"namedChunkGroups":{"app":{"chunks":[10,3],"assets":["webpack-runtime-ee93dc9d95aa3d7488fb.js","webpack-runtime-ee93dc9d95aa3d7488fb.js.map","app-15d615180e2c2312c263.js","app-15d615180e2c2312c263.js.map"],"children":{},"childAssets":{}},"component---node-modules-gatsby-plugin-offline-app-shell-js":{"chunks":[4],"assets":["component---node-modules-gatsby-plugin-offline-app-shell-js-7bee03a36a45fef592ed.js","component---node-modules-gatsby-plugin-offline-app-shell-js-7bee03a36a45fef592ed.js.map"],"children":{},"childAssets":{}},"component---src-templates-index-js":{"chunks":[0,2,1,5],"assets":["0.0526758e093f0c37664f.css","0-d65d7a77c22576792218.js","0.0526758e093f0c37664f.css.map","0-d65d7a77c22576792218.js.map","2-94e2b2387ff462a897db.js","2-94e2b2387ff462a897db.js.map","1.06dd695d063a067c2f7a.css","1-980fb1ce12d2e621412b.js","1.06dd695d063a067c2f7a.css.map","1-980fb1ce12d2e621412b.js.map","component---src-templates-index-js.dcd9442d8bec9d2a746d.css","component---src-templates-index-js-9195a5e7f49598f544b7.js","component---src-templates-index-js.dcd9442d8bec9d2a746d.css.map","component---src-templates-index-js-9195a5e7f49598f544b7.js.map"],"children":{},"childAssets":{}},"component---src-pages-index-js":{"chunks":[0,2,1,6],"assets":["0.0526758e093f0c37664f.css","0-d65d7a77c22576792218.js","0.0526758e093f0c37664f.css.map","0-d65d7a77c22576792218.js.map","2-94e2b2387ff462a897db.js","2-94e2b2387ff462a897db.js.map","1.06dd695d063a067c2f7a.css","1-980fb1ce12d2e621412b.js","1.06dd695d063a067c2f7a.css.map","1-980fb1ce12d2e621412b.js.map","component---src-pages-index-js.eec62193b9998fe8f127.css","component---src-pages-index-js-bd69b0a616924098b923.js","component---src-pages-index-js.eec62193b9998fe8f127.css.map","component---src-pages-index-js-bd69b0a616924098b923.js.map"],"children":{},"childAssets":{}},"component---src-pages-profile-js":{"chunks":[0,9,1,7],"assets":["0.0526758e093f0c37664f.css","0-d65d7a77c22576792218.js","0.0526758e093f0c37664f.css.map","0-d65d7a77c22576792218.js.map","9-4517dfd8aa7a07a264d7.js","9-4517dfd8aa7a07a264d7.js.map","1.06dd695d063a067c2f7a.css","1-980fb1ce12d2e621412b.js","1.06dd695d063a067c2f7a.css.map","1-980fb1ce12d2e621412b.js.map","component---src-pages-profile-js.0f3ae4f0befe5b62fbf8.css","component---src-pages-profile-js-9c4a90ee11db224805b9.js","component---src-pages-profile-js.0f3ae4f0befe5b62fbf8.css.map","component---src-pages-profile-js-9c4a90ee11db224805b9.js.map"],"children":{},"childAssets":{}}},"assetsByChunkName":{"app":["webpack-runtime-ee93dc9d95aa3d7488fb.js","app-15d615180e2c2312c263.js"],"component---node-modules-gatsby-plugin-offline-app-shell-js":["component---node-modules-gatsby-plugin-offline-app-shell-js-7bee03a36a45fef592ed.js"],"component---src-templates-index-js":["0.0526758e093f0c37664f.css","0-d65d7a77c22576792218.js","2-94e2b2387ff462a897db.js","1.06dd695d063a067c2f7a.css","1-980fb1ce12d2e621412b.js","component---src-templates-index-js.dcd9442d8bec9d2a746d.css","component---src-templates-index-js-9195a5e7f49598f544b7.js"],"component---src-pages-index-js":["0.0526758e093f0c37664f.css","0-d65d7a77c22576792218.js","2-94e2b2387ff462a897db.js","1.06dd695d063a067c2f7a.css","1-980fb1ce12d2e621412b.js","component---src-pages-index-js.eec62193b9998fe8f127.css","component---src-pages-index-js-bd69b0a616924098b923.js"],"component---src-pages-profile-js":["0.0526758e093f0c37664f.css","0-d65d7a77c22576792218.js","9-4517dfd8aa7a07a264d7.js","1.06dd695d063a067c2f7a.css","1-980fb1ce12d2e621412b.js","component---src-pages-profile-js.0f3ae4f0befe5b62fbf8.css","component---src-pages-profile-js-9c4a90ee11db224805b9.js"]}}